
{
    "comment" : "This file is used to help set default values when using the dotnet CLI extension Amazon.ElasticBeanstalk.Tools. For more information run \"dotnet eb --help\" from the project root.",
    "profile" : "Alex Nigl",
    "region"  : "us-east-1",
    "application" : "Portfolio",
    "environment" : "Portfolio-alexnigl-dev",
    "iis-website" : "Default Web Site",
    "app-path"    : "/",
    "enable-xray" : false,
    "cname"       : "portfolio-alexnigl-dev",
    "solution-stack" : "64bit Windows Server 2016 v1.2.0 running IIS 10.0",
    "environment-type" : "SingleInstance",
    "instance-profile" : "aws-elasticbeanstalk-ec2-role",
    "service-role"     : "aws-elasticbeanstalk-service-role",
    "instance-type"    : "t2.micro",
    "key-pair"         : "",
    "health-check-url" : "/"
}